ALTER SESSION SET CONTAINER = FREEPDB1;

INSERT INTO PASSPORT_APP.TINH_THANH (MA_TINH, TEN_TINH) VALUES ('01', 'Thanh pho Ha Noi');
INSERT INTO PASSPORT_APP.TINH_THANH (MA_TINH, TEN_TINH) VALUES ('02', 'Thanh pho Ho Chi Minh');
INSERT INTO PASSPORT_APP.TINH_THANH (MA_TINH, TEN_TINH) VALUES ('03', 'Thanh pho Hai Phong');
INSERT INTO PASSPORT_APP.TINH_THANH (MA_TINH, TEN_TINH) VALUES ('04', 'Thanh pho Da Nang');
INSERT INTO PASSPORT_APP.TINH_THANH (MA_TINH, TEN_TINH) VALUES ('05', 'Thanh pho Can Tho');
INSERT INTO PASSPORT_APP.TINH_THANH (MA_TINH, TEN_TINH) VALUES ('06', 'Thanh pho Hue');
INSERT INTO PASSPORT_APP.TINH_THANH (MA_TINH, TEN_TINH) VALUES ('07', 'Thanh pho Thu Duc');
INSERT INTO PASSPORT_APP.TINH_THANH (MA_TINH, TEN_TINH) VALUES ('08', 'Tinh Son La');
INSERT INTO PASSPORT_APP.TINH_THANH (MA_TINH, TEN_TINH) VALUES ('09', 'Tinh Nghe An');
INSERT INTO PASSPORT_APP.TINH_THANH (MA_TINH, TEN_TINH) VALUES ('10', 'Tinh Lam Dong');
INSERT INTO PASSPORT_APP.TINH_THANH (MA_TINH, TEN_TINH) VALUES ('11', 'Tinh Gia Lai');
INSERT INTO PASSPORT_APP.TINH_THANH (MA_TINH, TEN_TINH) VALUES ('12', 'Tinh Dak Lak');
INSERT INTO PASSPORT_APP.TINH_THANH (MA_TINH, TEN_TINH) VALUES ('13', 'Tinh Thanh Hoa');
INSERT INTO PASSPORT_APP.TINH_THANH (MA_TINH, TEN_TINH) VALUES ('14', 'Tinh Quang Nam');

INSERT INTO PASSPORT_APP.PHUONG_XA (MA_PHUONG, TEN_PHUONG, MA_TINH) VALUES ('P0101', 'Phuong Trang Tien', '01');
INSERT INTO PASSPORT_APP.PHUONG_XA (MA_PHUONG, TEN_PHUONG, MA_TINH) VALUES ('P0201', 'Phuong Ben Nghe', '02');
INSERT INTO PASSPORT_APP.PHUONG_XA (MA_PHUONG, TEN_PHUONG, MA_TINH) VALUES ('P0701', 'Phuong Linh Trung', '07');

INSERT INTO PASSPORT_APP.DAN_TOC (MA_DAN_TOC, TEN_DAN_TOC) VALUES ('01', 'Kinh');
INSERT INTO PASSPORT_APP.DAN_TOC (MA_DAN_TOC, TEN_DAN_TOC) VALUES ('02', 'Tay');
INSERT INTO PASSPORT_APP.DAN_TOC (MA_DAN_TOC, TEN_DAN_TOC) VALUES ('03', 'Thai');

INSERT INTO PASSPORT_APP.TON_GIAO (MA_TON_GIAO, TEN_TON_GIAO) VALUES ('00', 'Khong');
INSERT INTO PASSPORT_APP.TON_GIAO (MA_TON_GIAO, TEN_TON_GIAO) VALUES ('01', 'Phat giao');
INSERT INTO PASSPORT_APP.TON_GIAO (MA_TON_GIAO, TEN_TON_GIAO) VALUES ('02', 'Cong giao');

INSERT INTO PASSPORT_APP.REGULATIONS (NOI_DUNG) VALUES ('Cong dan phai du 14 tuoi tro len');
INSERT INTO PASSPORT_APP.REGULATIONS (NOI_DUNG) VALUES ('Thong tin CCCD va Ho Ten phai khop voi CSDL quoc gia');

INSERT INTO PASSPORT_APP.APP_USERS (USERNAME, PASSWORD_HASH, DB_ROLE) VALUES ('xt_nv01', 'hashed_pw', 'ROLE_XT');
INSERT INTO PASSPORT_APP.APP_USERS (USERNAME, PASSWORD_HASH, DB_ROLE) VALUES ('xd_nv01', 'hashed_pw', 'ROLE_XD');

/* Procedure xu ly tao ho so moi va ghi log lich su */
CREATE OR REPLACE PROCEDURE PASSPORT_APP.PROC_TAO_HO_SO (
    p_cccd IN VARCHAR2,
    p_ho_ten IN VARCHAR2,
    p_gioi_tinh IN VARCHAR2,
    p_ngay_sinh IN DATE,
    p_sdt IN VARCHAR2,
    p_email IN VARCHAR2,
    p_noi_dung_de_nghi IN VARCHAR2,
    p_co_quan_tiep_nhan IN VARCHAR2,
    p_anh_chan_dung IN VARCHAR2
) AS
    v_reg_id NUMBER;
BEGIN
    INSERT INTO PASSPORT_APP.PASSPORT_DATA (
        CCCD, HO_TEN, GIOI_TINH, NGAY_SINH, SDT, EMAIL, 
        NOI_DUNG_DE_NGHI, CO_QUAN_TIEP_NHAN, ANH_CHAN_DUNG_PATH, TRANG_THAI
    ) VALUES (
        p_cccd, p_ho_ten, p_gioi_tinh, p_ngay_sinh, p_sdt, p_email,
        p_noi_dung_de_nghi, p_co_quan_tiep_nhan, p_anh_chan_dung, 'Da nop'
    ) RETURNING REG_ID INTO v_reg_id;

    INSERT INTO PASSPORT_APP.PASSPORT_REQUEST_HISTORY (
        REG_ID, TRANG_THAI_CU, TRANG_THAI_MOI, NGUOI_CAP_NHAT
    ) VALUES (
        v_reg_id, NULL, 'Da nop', 'He thong'
    );
    COMMIT;
END;
/

GRANT EXECUTE ON PASSPORT_APP.PROC_TAO_HO_SO TO PUBLIC;

COMMIT;

ALTER SESSION SET CONTAINER = FREEPDB1;

INSERT INTO PASSPORT_APP.PHUONG_XA (MA_PHUONG, TEN_PHUONG, MA_TINH) VALUES ('P0102', 'Phuong Hang Bai', '01');
INSERT INTO PASSPORT_APP.PHUONG_XA (MA_PHUONG, TEN_PHUONG, MA_TINH) VALUES ('P0103', 'Phuong Dong Xuan', '01');
INSERT INTO PASSPORT_APP.PHUONG_XA (MA_PHUONG, TEN_PHUONG, MA_TINH) VALUES ('P0202', 'Phuong Da Kao', '02');
INSERT INTO PASSPORT_APP.PHUONG_XA (MA_PHUONG, TEN_PHUONG, MA_TINH) VALUES ('P0203', 'Phuong Tan Dinh', '02');
INSERT INTO PASSPORT_APP.PHUONG_XA (MA_PHUONG, TEN_PHUONG, MA_TINH) VALUES ('P0401', 'Phuong Hai Chau 1', '04');
INSERT INTO PASSPORT_APP.PHUONG_XA (MA_PHUONG, TEN_PHUONG, MA_TINH) VALUES ('P0402', 'Phuong Thach Thang', '04');
INSERT INTO PASSPORT_APP.PHUONG_XA (MA_PHUONG, TEN_PHUONG, MA_TINH) VALUES ('P0702', 'Phuong Linh Chieu', '07');

INSERT INTO PASSPORT_APP.DAN_TOC (MA_DAN_TOC, TEN_DAN_TOC) VALUES ('04', 'Hoa');
INSERT INTO PASSPORT_APP.DAN_TOC (MA_DAN_TOC, TEN_DAN_TOC) VALUES ('05', 'Khmer');
INSERT INTO PASSPORT_APP.DAN_TOC (MA_DAN_TOC, TEN_DAN_TOC) VALUES ('06', 'Muong');
INSERT INTO PASSPORT_APP.DAN_TOC (MA_DAN_TOC, TEN_DAN_TOC) VALUES ('07', 'Nung');
INSERT INTO PASSPORT_APP.DAN_TOC (MA_DAN_TOC, TEN_DAN_TOC) VALUES ('08', 'Hmong');
INSERT INTO PASSPORT_APP.DAN_TOC (MA_DAN_TOC, TEN_DAN_TOC) VALUES ('09', 'Dao');
INSERT INTO PASSPORT_APP.DAN_TOC (MA_DAN_TOC, TEN_DAN_TOC) VALUES ('10', 'Gia Rai');

INSERT INTO PASSPORT_APP.TON_GIAO (MA_TON_GIAO, TEN_TON_GIAO) VALUES ('03', 'Tin Lanh');
INSERT INTO PASSPORT_APP.TON_GIAO (MA_TON_GIAO, TEN_TON_GIAO) VALUES ('04', 'Cao Dai');
INSERT INTO PASSPORT_APP.TON_GIAO (MA_TON_GIAO, TEN_TON_GIAO) VALUES ('05', 'Hoa Hao');
INSERT INTO PASSPORT_APP.TON_GIAO (MA_TON_GIAO, TEN_TON_GIAO) VALUES ('06', 'Hoi Giao');
INSERT INTO PASSPORT_APP.TON_GIAO (MA_TON_GIAO, TEN_TON_GIAO) VALUES ('07', 'Ba La Mon');
INSERT INTO PASSPORT_APP.TON_GIAO (MA_TON_GIAO, TEN_TON_GIAO) VALUES ('08', 'Tinh do cu si');
INSERT INTO PASSPORT_APP.TON_GIAO (MA_TON_GIAO, TEN_TON_GIAO) VALUES ('09', 'Tu an hieu nghia');

INSERT INTO PASSPORT_APP.REGULATIONS (NOI_DUNG) VALUES ('Anh the 4x6 nen trang, chup khong qua 6 thang');
INSERT INTO PASSPORT_APP.REGULATIONS (NOI_DUNG) VALUES ('Khong vi pham phap luat ve xuat nhap canh');
INSERT INTO PASSPORT_APP.REGULATIONS (NOI_DUNG) VALUES ('Nguoi mat nang luc hanh vi phai co nguoi dai dien');
INSERT INTO PASSPORT_APP.REGULATIONS (NOI_DUNG) VALUES ('Le phi cap ho chieu phai duoc thanh toan day du');
INSERT INTO PASSPORT_APP.REGULATIONS (NOI_DUNG) VALUES ('Truong hop mat ho chieu phai co don trinh bao');
INSERT INTO PASSPORT_APP.REGULATIONS (NOI_DUNG) VALUES ('Khong thuoc dien tam hoan xuat canh');
INSERT INTO PASSPORT_APP.REGULATIONS (NOI_DUNG) VALUES ('Ho chieu hu hong phai nop lai ho chieu cu');
INSERT INTO PASSPORT_APP.REGULATIONS (NOI_DUNG) VALUES ('Tre em duoi 14 tuoi can giay khai sinh ban sao');

INSERT INTO PASSPORT_APP.APP_USERS (USERNAME, PASSWORD_HASH, DB_ROLE) VALUES ('xt_nv02', 'hashed_pw', 'ROLE_XT');
INSERT INTO PASSPORT_APP.APP_USERS (USERNAME, PASSWORD_HASH, DB_ROLE) VALUES ('xt_nv03', 'hashed_pw', 'ROLE_XT');
INSERT INTO PASSPORT_APP.APP_USERS (USERNAME, PASSWORD_HASH, DB_ROLE) VALUES ('xd_nv02', 'hashed_pw', 'ROLE_XD');
INSERT INTO PASSPORT_APP.APP_USERS (USERNAME, PASSWORD_HASH, DB_ROLE) VALUES ('lt_nv01', 'hashed_pw', 'ROLE_LT');
INSERT INTO PASSPORT_APP.APP_USERS (USERNAME, PASSWORD_HASH, DB_ROLE) VALUES ('lt_nv02', 'hashed_pw', 'ROLE_LT');
INSERT INTO PASSPORT_APP.APP_USERS (USERNAME, PASSWORD_HASH, DB_ROLE) VALUES ('gs_nv01', 'hashed_pw', 'ROLE_GS');
INSERT INTO PASSPORT_APP.APP_USERS (USERNAME, PASSWORD_HASH, DB_ROLE) VALUES ('gs_nv02', 'hashed_pw', 'ROLE_GS');
INSERT INTO PASSPORT_APP.APP_USERS (USERNAME, PASSWORD_HASH, DB_ROLE) VALUES ('admin_sys', 'hashed_pw', 'ROLE_GS');

INSERT INTO PASSPORT_APP.APP_USERS (USERNAME, PASSWORD_HASH, DB_ROLE) VALUES ('cd_079203000001', 'hashed_pw', 'ROLE_CD');
INSERT INTO PASSPORT_APP.APP_USERS (USERNAME, PASSWORD_HASH, DB_ROLE) VALUES ('cd_079203000002', 'hashed_pw', 'ROLE_CD');
INSERT INTO PASSPORT_APP.APP_USERS (USERNAME, PASSWORD_HASH, DB_ROLE) VALUES ('cd_079203000003', 'hashed_pw', 'ROLE_CD');
INSERT INTO PASSPORT_APP.APP_USERS (USERNAME, PASSWORD_HASH, DB_ROLE) VALUES ('cd_079203000004', 'hashed_pw', 'ROLE_CD');
INSERT INTO PASSPORT_APP.APP_USERS (USERNAME, PASSWORD_HASH, DB_ROLE) VALUES ('cd_079203000005', 'hashed_pw', 'ROLE_CD');
INSERT INTO PASSPORT_APP.APP_USERS (USERNAME, PASSWORD_HASH, DB_ROLE) VALUES ('cd_079203000006', 'hashed_pw', 'ROLE_CD');
INSERT INTO PASSPORT_APP.APP_USERS (USERNAME, PASSWORD_HASH, DB_ROLE) VALUES ('cd_079203000007', 'hashed_pw', 'ROLE_CD');
INSERT INTO PASSPORT_APP.APP_USERS (USERNAME, PASSWORD_HASH, DB_ROLE) VALUES ('cd_079203000008', 'hashed_pw', 'ROLE_CD');
INSERT INTO PASSPORT_APP.APP_USERS (USERNAME, PASSWORD_HASH, DB_ROLE) VALUES ('cd_079203000009', 'hashed_pw', 'ROLE_CD');
INSERT INTO PASSPORT_APP.APP_USERS (USERNAME, PASSWORD_HASH, DB_ROLE) VALUES ('cd_079203000010', 'hashed_pw', 'ROLE_CD');

INSERT INTO PASSPORT_APP.RESIDENT_DATA (CCCD, HO_TEN, NGAY_SINH, GIOI_TINH, DIA_CHI_THUONG_TRU) VALUES ('079203000001', 'Nguyen Van A', TO_DATE('1990-01-15', 'YYYY-MM-DD'), 'Nam', 'Thanh pho Ho Chi Minh');
INSERT INTO PASSPORT_APP.RESIDENT_DATA (CCCD, HO_TEN, NGAY_SINH, GIOI_TINH, DIA_CHI_THUONG_TRU) VALUES ('079203000002', 'Tran Thi B', TO_DATE('1995-05-20', 'YYYY-MM-DD'), 'Nu', 'Thanh pho Ha Noi');
INSERT INTO PASSPORT_APP.RESIDENT_DATA (CCCD, HO_TEN, NGAY_SINH, GIOI_TINH, DIA_CHI_THUONG_TRU) VALUES ('079203000003', 'Le Van C', TO_DATE('1985-08-10', 'YYYY-MM-DD'), 'Nam', 'Thanh pho Da Nang');
INSERT INTO PASSPORT_APP.RESIDENT_DATA (CCCD, HO_TEN, NGAY_SINH, GIOI_TINH, DIA_CHI_THUONG_TRU) VALUES ('079203000004', 'Pham Thi D', TO_DATE('2000-12-05', 'YYYY-MM-DD'), 'Nu', 'Thanh pho Hai Phong');
INSERT INTO PASSPORT_APP.RESIDENT_DATA (CCCD, HO_TEN, NGAY_SINH, GIOI_TINH, DIA_CHI_THUONG_TRU) VALUES ('079203000005', 'Hoang Van E', TO_DATE('1992-03-25', 'YYYY-MM-DD'), 'Nam', 'Thanh pho Can Tho');
INSERT INTO PASSPORT_APP.RESIDENT_DATA (CCCD, HO_TEN, NGAY_SINH, GIOI_TINH, DIA_CHI_THUONG_TRU) VALUES ('079203000006', 'Vu Thi F', TO_DATE('1988-11-30', 'YYYY-MM-DD'), 'Nu', 'Thanh pho Thu Duc');
INSERT INTO PASSPORT_APP.RESIDENT_DATA (CCCD, HO_TEN, NGAY_SINH, GIOI_TINH, DIA_CHI_THUONG_TRU) VALUES ('079203000007', 'Ngo Van G', TO_DATE('1975-07-14', 'YYYY-MM-DD'), 'Nam', 'Tinh Nghe An');
INSERT INTO PASSPORT_APP.RESIDENT_DATA (CCCD, HO_TEN, NGAY_SINH, GIOI_TINH, DIA_CHI_THUONG_TRU) VALUES ('079203000008', 'Do Thi H', TO_DATE('2002-09-02', 'YYYY-MM-DD'), 'Nu', 'Tinh Thanh Hoa');
INSERT INTO PASSPORT_APP.RESIDENT_DATA (CCCD, HO_TEN, NGAY_SINH, GIOI_TINH, DIA_CHI_THUONG_TRU) VALUES ('079203000009', 'Bui Van I', TO_DATE('1999-04-18', 'YYYY-MM-DD'), 'Nam', 'Tinh Lam Dong');
INSERT INTO PASSPORT_APP.RESIDENT_DATA (CCCD, HO_TEN, NGAY_SINH, GIOI_TINH, DIA_CHI_THUONG_TRU) VALUES ('079203000010', 'Dinh Thi K', TO_DATE('1980-02-28', 'YYYY-MM-DD'), 'Nu', 'Tinh Gia Lai');

INSERT INTO PASSPORT_APP.PASSPORT_DATA (CCCD, HO_TEN, GIOI_TINH, NGAY_SINH, MA_DAN_TOC, MA_TON_GIAO, SDT, EMAIL, MA_TINH_THUONG_TRU, NOI_DUNG_DE_NGHI, CO_QUAN_TIEP_NHAN, TRANG_THAI) 
VALUES ('079203000001', 'Nguyen Van A', 'Nam', TO_DATE('1990-01-15', 'YYYY-MM-DD'), '01', '00', '0900000001', 'a@email.com', '02', 'Cap ho chieu lan dau', 'Cuc QLXNC TP.HCM', 'Da nop');

INSERT INTO PASSPORT_APP.PASSPORT_DATA (CCCD, HO_TEN, GIOI_TINH, NGAY_SINH, MA_DAN_TOC, MA_TON_GIAO, SDT, EMAIL, MA_TINH_THUONG_TRU, NOI_DUNG_DE_NGHI, CO_QUAN_TIEP_NHAN, TRANG_THAI) 
VALUES ('079203000002', 'Tran Thi B', 'Nu', TO_DATE('1995-05-20', 'YYYY-MM-DD'), '01', '01', '0900000002', 'b@email.com', '01', 'Cap ho chieu lan dau', 'Cuc QLXNC Ha Noi', 'Da xac thuc');

INSERT INTO PASSPORT_APP.PASSPORT_DATA (CCCD, HO_TEN, GIOI_TINH, NGAY_SINH, MA_DAN_TOC, MA_TON_GIAO, SDT, EMAIL, MA_TINH_THUONG_TRU, NOI_DUNG_DE_NGHI, CO_QUAN_TIEP_NHAN, TRANG_THAI) 
VALUES ('079203000003', 'Le Van C', 'Nam', TO_DATE('1985-08-10', 'YYYY-MM-DD'), '02', '00', '0900000003', 'c@email.com', '04', 'Cap ho chieu lan dau', 'Cuc QLXNC Da Nang', 'Da duyet');

INSERT INTO PASSPORT_APP.PASSPORT_DATA (CCCD, HO_TEN, GIOI_TINH, NGAY_SINH, MA_DAN_TOC, MA_TON_GIAO, SDT, EMAIL, MA_TINH_THUONG_TRU, NOI_DUNG_DE_NGHI, CO_QUAN_TIEP_NHAN, TRANG_THAI) 
VALUES ('079203000004', 'Pham Thi D', 'Nu', TO_DATE('2000-12-05', 'YYYY-MM-DD'), '01', '02', '0900000004', 'd@email.com', '03', 'Cap ho chieu lan dau', 'Cuc QLXNC Hai Phong', 'Da luu tru');

INSERT INTO PASSPORT_APP.PASSPORT_DATA (CCCD, HO_TEN, GIOI_TINH, NGAY_SINH, MA_DAN_TOC, MA_TON_GIAO, SDT, EMAIL, MA_TINH_THUONG_TRU, NOI_DUNG_DE_NGHI, CO_QUAN_TIEP_NHAN, TRANG_THAI) 
VALUES ('079203000005', 'Hoang Van E', 'Nam', TO_DATE('1992-03-25', 'YYYY-MM-DD'), '03', '00', '0900000005', 'e@email.com', '05', 'Cap ho chieu lan dau', 'Cuc QLXNC Can Tho', 'Tu choi');

INSERT INTO PASSPORT_APP.PASSPORT_DATA (CCCD, HO_TEN, GIOI_TINH, NGAY_SINH, MA_DAN_TOC, MA_TON_GIAO, SDT, EMAIL, MA_TINH_THUONG_TRU, NOI_DUNG_DE_NGHI, CO_QUAN_TIEP_NHAN, TRANG_THAI) 
VALUES ('079203000006', 'Vu Thi F', 'Nu', TO_DATE('1988-11-30', 'YYYY-MM-DD'), '01', '00', '0900000006', 'f@email.com', '07', 'Cap ho chieu lan dau', 'Cuc QLXNC TP.HCM', 'Da nop');

INSERT INTO PASSPORT_APP.PASSPORT_DATA (CCCD, HO_TEN, GIOI_TINH, NGAY_SINH, MA_DAN_TOC, MA_TON_GIAO, SDT, EMAIL, MA_TINH_THUONG_TRU, NOI_DUNG_DE_NGHI, CO_QUAN_TIEP_NHAN, TRANG_THAI) 
VALUES ('079203000007', 'Ngo Van G', 'Nam', TO_DATE('1975-07-14', 'YYYY-MM-DD'), '01', '01', '0900000007', 'g@email.com', '09', 'Cap ho chieu lan dau', 'Cuc QLXNC Nghe An', 'Da xac thuc');

INSERT INTO PASSPORT_APP.PASSPORT_DATA (CCCD, HO_TEN, GIOI_TINH, NGAY_SINH, MA_DAN_TOC, MA_TON_GIAO, SDT, EMAIL, MA_TINH_THUONG_TRU, NOI_DUNG_DE_NGHI, CO_QUAN_TIEP_NHAN, TRANG_THAI) 
VALUES ('079203000008', 'Do Thi H', 'Nu', TO_DATE('2002-09-02', 'YYYY-MM-DD'), '04', '00', '0900000008', 'h@email.com', '13', 'Cap ho chieu lan dau', 'Cuc QLXNC Thanh Hoa', 'Da duyet');

INSERT INTO PASSPORT_APP.PASSPORT_DATA (CCCD, HO_TEN, GIOI_TINH, NGAY_SINH, MA_DAN_TOC, MA_TON_GIAO, SDT, EMAIL, MA_TINH_THUONG_TRU, NOI_DUNG_DE_NGHI, CO_QUAN_TIEP_NHAN, TRANG_THAI) 
VALUES ('079203000009', 'Bui Van I', 'Nam', TO_DATE('1999-04-18', 'YYYY-MM-DD'), '01', '03', '0900000009', 'i@email.com', '10', 'Cap ho chieu lan dau', 'Cuc QLXNC Lam Dong', 'Da nop');

INSERT INTO PASSPORT_APP.PASSPORT_DATA (CCCD, HO_TEN, GIOI_TINH, NGAY_SINH, MA_DAN_TOC, MA_TON_GIAO, SDT, EMAIL, MA_TINH_THUONG_TRU, NOI_DUNG_DE_NGHI, CO_QUAN_TIEP_NHAN, TRANG_THAI) 
VALUES ('079203000010', 'Dinh Thi K', 'Nu', TO_DATE('1980-02-28', 'YYYY-MM-DD'), '01', '00', '0900000010', 'k@email.com', '11', 'Cap ho chieu lan dau', 'Cuc QLXNC Gia Lai', 'Da xac thuc');

INSERT INTO PASSPORT_APP.PASSPORT_DATA (CCCD, HO_TEN, GIOI_TINH, NGAY_SINH, MA_DAN_TOC, MA_TON_GIAO, SDT, EMAIL, MA_TINH_THUONG_TRU, NOI_DUNG_DE_NGHI, CO_QUAN_TIEP_NHAN, TRANG_THAI) 
VALUES ('079203000021', 'Nguyen Phuc A', 'Nam', TO_DATE('1990-01-01', 'YYYY-MM-DD'), '01', '00', '0901234567', 'npa@email.com', '01', 'Cap ho chieu lan dau', 'Cuc QLXNC Ha Noi', 'Da luu tru');

INSERT INTO PASSPORT_APP.PASSPORT_DATA (CCCD, HO_TEN, GIOI_TINH, NGAY_SINH, MA_DAN_TOC, MA_TON_GIAO, SDT, EMAIL, MA_TINH_THUONG_TRU, NOI_DUNG_DE_NGHI, CO_QUAN_TIEP_NHAN, TRANG_THAI) 
VALUES ('079203000022', 'Tran Thi Binh', 'Nu', TO_DATE('1995-05-05', 'YYYY-MM-DD'), '01', '01', '0907654321', 'ttb@email.com', '01', 'Cap lai ho chieu lan dau', 'Cuc QLXNC Ha Noi', 'Da hoan thanh');

INSERT INTO PASSPORT_APP.PASSPORT_DATA (CCCD, HO_TEN, GIOI_TINH, NGAY_SINH, MA_DAN_TOC, MA_TON_GIAO, SDT, EMAIL, MA_TINH_THUONG_TRU, NOI_DUNG_DE_NGHI, CO_QUAN_TIEP_NHAN, TRANG_THAI) 
VALUES ('079203000023', 'Le Van Cuong', 'Nam', TO_DATE('1988-08-08', 'YYYY-MM-DD'), '02', '00', '0909999888', 'lvc@email.com', '01', 'Cap ho chieu lan dau', 'Cuc QLXNC Ha Noi', 'Da luu tru');

INSERT INTO PASSPORT_APP.PASSPORT_REQUEST_HISTORY (REG_ID, TRANG_THAI_MOI, NGUOI_CAP_NHAT) VALUES (1, 'Da nop', 'He thong');
INSERT INTO PASSPORT_APP.PASSPORT_REQUEST_HISTORY (REG_ID, TRANG_THAI_CU, TRANG_THAI_MOI, NGUOI_CAP_NHAT) VALUES (2, 'Da nop', 'Da xac thuc', 'xt_nv01');
INSERT INTO PASSPORT_APP.PASSPORT_REQUEST_HISTORY (REG_ID, TRANG_THAI_CU, TRANG_THAI_MOI, NGUOI_CAP_NHAT) VALUES (3, 'Da xac thuc', 'Da duyet', 'xd_nv01');
INSERT INTO PASSPORT_APP.PASSPORT_REQUEST_HISTORY (REG_ID, TRANG_THAI_CU, TRANG_THAI_MOI, NGUOI_CAP_NHAT) VALUES (4, 'Da duyet', 'Da luu tru', 'lt_nv01');
INSERT INTO PASSPORT_APP.PASSPORT_REQUEST_HISTORY (REG_ID, TRANG_THAI_CU, TRANG_THAI_MOI, NGUOI_CAP_NHAT) VALUES (5, 'Da xac thuc', 'Tu choi', 'xd_nv01');
INSERT INTO PASSPORT_APP.PASSPORT_REQUEST_HISTORY (REG_ID, TRANG_THAI_MOI, NGUOI_CAP_NHAT) VALUES (6, 'Da nop', 'He thong');
INSERT INTO PASSPORT_APP.PASSPORT_REQUEST_HISTORY (REG_ID, TRANG_THAI_CU, TRANG_THAI_MOI, NGUOI_CAP_NHAT) VALUES (7, 'Da nop', 'Da xac thuc', 'xt_nv02');
INSERT INTO PASSPORT_APP.PASSPORT_REQUEST_HISTORY (REG_ID, TRANG_THAI_CU, TRANG_THAI_MOI, NGUOI_CAP_NHAT) VALUES (8, 'Da xac thuc', 'Da duyet', 'xd_nv02');
INSERT INTO PASSPORT_APP.PASSPORT_REQUEST_HISTORY (REG_ID, TRANG_THAI_MOI, NGUOI_CAP_NHAT) VALUES (9, 'Da nop', 'He thong');
INSERT INTO PASSPORT_APP.PASSPORT_REQUEST_HISTORY (REG_ID, TRANG_THAI_CU, TRANG_THAI_MOI, NGUOI_CAP_NHAT) VALUES (10, 'Da nop', 'Da xac thuc', 'xt_nv03');
INSERT INTO PASSPORT_APP.PASSPORT_REQUEST_HISTORY (REG_ID, TRANG_THAI_CU, TRANG_THAI_MOI, NGUOI_CAP_NHAT) VALUES (11, 'Da duyet', 'Da luu tru', 'xd_nv01');
INSERT INTO PASSPORT_APP.PASSPORT_REQUEST_HISTORY (REG_ID, TRANG_THAI_CU, TRANG_THAI_MOI, NGUOI_CAP_NHAT) VALUES (12, 'Da luu tru', 'Da hoan thanh', 'lt_nv01');
INSERT INTO PASSPORT_APP.PASSPORT_REQUEST_HISTORY (REG_ID, TRANG_THAI_CU, TRANG_THAI_MOI, NGUOI_CAP_NHAT) VALUES (13, 'Da duyet', 'Da luu tru', 'xd_nv01');
COMMIT;

ALTER SESSION SET CONTAINER = FREEPDB1;

UPDATE PASSPORT_APP.PASSPORT_DATA
SET NOI_SINH = 'Thanh pho Ho Chi Minh',
    MA_PHUONG_THUONG_TRU = (SELECT MIN(MA_PHUONG) FROM PASSPORT_APP.PHUONG_XA WHERE MA_TINH = PASSPORT_DATA.MA_TINH_THUONG_TRU),
    DIA_CHI_CHI_TIET_TT = 'So 123, Duong mau',
    MA_TINH_TAM_TRU = '01',
    MA_PHUONG_TAM_TRU = 'P0101',
    DIA_CHI_CHI_TIET_TAM_TRU = 'So 456, Duong mau tam tru',
    NGHE_NGHIEP = 'Nhan vien van phong',
    TEN_DC_CO_QUAN = 'Cong ty TNHH Mot Thanh Vien',
    HO_TEN_CHA = 'Nguyen Van Cha',
    NS_CHA = TO_DATE('1965-01-01', 'YYYY-MM-DD'),
    HO_TEN_ME = 'Tran Thi Me',
    NS_ME = TO_DATE('1970-02-02', 'YYYY-MM-DD'),
    HO_TEN_VO_CHONG = 'Le Van Vo Chong',
    NS_VO_CHONG = TO_DATE('1995-03-03', 'YYYY-MM-DD'),
    HC_GAN_NHAT = 'C1234567',
    NGAY_CAP_HC = TO_DATE('2015-05-15', 'YYYY-MM-DD'),
    NOI_CAP_HC = 'Cuc Quan ly xuat nhap canh',
    HINH_THUC_NHAN = 'Nhan truc tiep',
    STK_HOAN_TIEN = '0123456789',
    TEN_CHU_TK = HO_TEN,
    NGAN_HANG = 'Vietcombank',
    ANH_CHAN_DUNG_PATH = '/uploads/avatar_' || CCCD || '.jpg',
    HO_SO_DINH_KEM_PATH = '/uploads/docs_' || CCCD || '.pdf'
WHERE NOI_SINH IS NULL;

UPDATE PASSPORT_APP.APP_USERS
SET LAST_LOGIN = CURRENT_TIMESTAMP
WHERE LAST_LOGIN IS NULL;

COMMIT;

ALTER TABLE PASSPORT_APP.APP_USERS ADD MA_TINH_QUAN_LY VARCHAR2(10);
ALTER TABLE PASSPORT_APP.APP_USERS ADD CONSTRAINT FK_USER_TINH FOREIGN KEY (MA_TINH_QUAN_LY) REFERENCES PASSPORT_APP.TINH_THANH(MA_TINH);

UPDATE PASSPORT_APP.APP_USERS SET MA_TINH_QUAN_LY = '03' WHERE USERNAME IN ('lt_nv02');
UPDATE PASSPORT_APP.APP_USERS SET MA_TINH_QUAN_LY = '02' WHERE USERNAME IN ('xt_nv01', 'xd_nv01');
UPDATE PASSPORT_APP.APP_USERS SET MA_TINH_QUAN_LY = '01' WHERE USERNAME IN ('xt_nv02', 'xt_nv03', 'xd_nv02', 'lt_nv01', 'lt_nv02');
COMMIT;